"taxonID","weight"
"CHBA",40
"DIME",48
"DIME",45
"DIME",46
"CHBA",36
"NEAL",130
"DIME",45
"DIME",47
"NEAL",65
"CHPE",17
"DIME",41
"DIME",48
"CHIN",18
"NEAL",100
"DIME",41
"CHBA",16
"ONTO",27
"DIME",45
"DIME",49
"CHBA",27
"ONTO",27
"PEME",25
"DIME",50
"CHBA",41
"DIME",45
"DIME",39
"DIME",41
"DIME",44
"CHBA",29
"NEAL",215
"DIME",45
"CHPE",19
"NEAL",110
"CHPE",19
"CHPE",15
"NEAL",190
"DIME",41
"NEAL",150
"CHPE",17
"DIME",42
"DIME",39
"NEAL",120
"NEAL",130
"PEER",19
"DIME",40
"DIME",50
"DIME",42
"DIME",38
"DIME",39
"NEAL",90
"DIME",42
"DIME",45
"DIME",45
"DIME",43
"NEAL",180
"DIME",43
"DIME",49
"DIME",44
"CHPE",15
"DIME",41
"DIME",44
"CHBA",26
"CHBA",34
"PEBO",22
"DIME",43
"DIME",47
"DIME",43
"CHPE",17
"DIME",42
"DIME",37
"NEAL",175
"CHPE",17
"DIME",40
"CHPE",15
"NEAL",65
"CHBA",29
"DIME",44
"DIME",47
"CHBA",27
"DIME",38
"DIME",38
"DIME",37
"CHPE",16
"CHBA",41
"NEAL",175
"CHPE",21
"CHPE",11
"CHBA",27
"DIME",45
"CHBA",19
"DIME",45
"DIME",43
"CHPE",44
"CHPE",23
"DIME",42
"DIME",44
"DIME",45
"DIME",41
"CHBA",38
"DIME",39
"NEAL",145
"CHBA",34
"DIME",42
"CHBA",27
"DIME",41
"ONTO",26
"CHPE",15
"DIME",40
"CHBA",25
"DIME",39
"DIME",37
"CHPE",18
"CHPE",17
"DIME",43
"DIME",37
"DIME",48
"DIME",41
"DIME",46
"NEAL",184
"NEAL",85
"DIME",47
"CHBA",40
"CHPE",15
"CHPE",18
"DIME",40
"DIME",43
"DIME",43
"DIME",47
"DIME",43
"DIME",49
"PEFL",11
"DIME",47
"CHPE",14
"PEER",24
"CHPE",17
"CHBA",33
"DIME",46
"DIME",44
"DIME",43
"ONTO",33
"PEME",24
"CHBA",35
"NEAL",150
"DIME",48
"NEAL",185
"DIME",39
"NEAL",185
"PEER",28
"CHPE",14
"CHPE",17
"DIME",26
"PEER",26
"DIME",42
"PEER",26
"CHBA",29
"REFU",16
"DIME",39
"NEAL",205
"CHBA",30
"CHPE",13
"DIME",43
"DIME",37
"PEME",23
"CHPE",15
"CHPE",17
"PEER",25
"DIME",53
"CHPE",16
"PEER",31
"DIME",50
"DIME",52
"PELE",16
"DIME",47
"DIME",43
"DIME",46
"CHBA",28
"DIME",41
"REME",10
"DIME",27
"NEAL",195
"DIME",40
"DIME",47
"ONTO",18
"DIME",46
"DIME",43
"DIME",46
"DIME",52
"ONTO",27
"DIME",22
"DIME",26
"CHPE",14
"PEER",24
"CHBA",27
"REFU",12
"CHBA",30
"CHPE",17
"NEAL",179
"CHBA",30
"CHBA",35
"PEER",23
"NEAL",190
"CHPE",14
"PEER",28
"DIME",48
"ONTO",23
"CHBA",40
"DIME",44
"DIME",26
"CHPE",19
"DIME",43
"CHPE",20
"NEAL",183
"DIME",40
"DIME",45
"CHPE",21
"NEAL",124
"CHPE",15
"NEAL",207
"NEAL",139
"DIME",50
"DIME",47
"PEER",28
"CHPE",22
"DIME",28
"DIME",46
"DIME",46
"DIME",46
"CHPE",17
"DIME",47
"DIME",44
"DIME",41
"DIME",41
"DIME",48
"CHPE",15
"DIME",42
"CHPE",27
"NEAL",115
"CHIN",14
"NEAL",115
"CHPE",18
"CHIN",15
"DIME",42
"CHPE",20
"DIME",46
"CHPE",21
"DIME",45
"ONLE",21
"DIME",42
"DIME",43
"DIME",36
"CHPE",16
"CHPE",14
"NEAL",235
"DIME",44
"CHPE",14
"NEAL",145
"CHPE",14
"NEAL",135
"DIME",44
"DIME",39
"CHPE",13
"CHBA",39
"DIME",43
"DIME",38
"NEAL",143
"CHPE",16
"DIME",44
"CHPE",27
"DIME",45
"DIME",32
"CHBA",35
"DIME",46
"DISP",93
"DIME",48
"DIME",43
"DIME",37
"CHBA",30
"DIME",47
"DIME",28
"CHPE",21
"DIME",45
"ONTO",24
"DIME",44
"DIME",43
"DIME",47
"DIME",50
"PEFL",11
"DIME",46
"DIME",28
"DIME",37
"DIME",39
"NEAL",103
"DIME",47
"CHPE",16
"DIME",43
"CHPE",12
"DIME",41
"CHBA",29
"CHPE",13
"DIME",31
"NEAL",114
"DIME",46
"DIME",42
"CHBA",25
"NEAL",215
"CHPE",14
"CHPE",17
"DIME",42
"NEAL",134
"CHPE",14
"DIME",43
"NEAL",154
"ONLE",33
"NEAL",144
"NEAL",145
"CHPE",17
"DIME",42
"DIME",39
"CHBA",21
"DIME",32
"CHPE",23
"CHIN",13
"CHBA",20
"CHBA",31
"DIME",35
"CHPE",21
"ONTO",28
"DIME",49
"CHBA",30
"CHPE",19
"CHPE",20
"DIME",42
"CHPE",18
"DIME",32
"DIME",42
"CHPE",15
"DIME",40
"CHPE",14
"CHBA",29
"DIME",32
"NEAL",123
"CHPE",24
"PEME",11
"CHBA",35
"DIME",42
"DIME",44
"CHIN",19
"DIME",46
"DIME",30
"CHPE",15
"PEAM",17
"CHPE",15
"DIME",35
"CHPE",14
"DIME",35
"DIME",49
"CHPE",17
"CHPE",11
"DIME",47
"DIME",49
"CHPE",16
"CHPE",19
"CHPE",21
"PEAM",17
"DIME",46
"CHPE",17
"DIME",42
"CHPE",18
"DIME",39
"CHPE",14
"DIME",46
"DIME",41
"DIME",21
"DIME",47
"DIME",39
"CHPE",20
"PEER",27
"CHPE",22
"PEME",16
"CHBA",24
"CHPE",14
"DIME",50
"CHPE",19
"DISP",94
"NEAL",169
"DIME",27
"NEAL",123
"ONTO",27
"DIME",40
"DIME",45
"CHPE",17
"DIME",33
"CHPE",24
"DIME",44
"PEAM",20
"DIME",41
"DIME",42
"DIME",41
"CHBA",30
"DIME",48
"DIME",48
"CHPE",15
"CHPE",20
"CHBA",23
"PEME",13
"DIME",47
"NEAL",194
"CHPE",16
"CHPE",16
"DIME",49
"DIME",42
"CHPE",17
"ONLE",24
"DIME",42
"NEAL",214
"CHPE",16
"NEAL",134
"DIME",43
"CHPE",16
"CHPE",21
"CHPE",19
"NEAL",178
"CHPE",15
"PEER",27
"PEFL",11
"ONTO",19
"DIME",36
"ONTO",28
"DIME",48
"ONTO",22
"DIME",42
"DIME",44
"DIME",45
"DIME",32
"NEAL",181
"ONTO",27
"NEAL",94
"CHPE",15
"DIME",46
"DIME",38
"CHPE",23
"CHPE",17
"PEAM",13
"CHPE",18
"CHPE",19
"CHIN",15
"CHIN",13
"PEAM",17
"DIME",36
"CHPE",18
"PEAM",11
"CHPE",25
"CHPE",26
"CHPE",21
"DIME",45
"CHIN",16
"DIME",40
"PEFL",12
"DIME",30
"CHBA",32
"CHPE",13
"PEME",25
"CHBA",35
"PEFL",7
"CHIN",14
"CHPE",17
"CHIN",14
"CHIN",17
"NEAL",114
"CHPE",17
"CHIN",14
"DIME",33
"DIME",33
"CHIN",17
"DIME",37
"CHIN",14
"CHPE",22
"CHPE",14
"DIME",49
"REFU",17
"PEME",27
"CHPE",14
"CHBA",38
"NEAL",183
"CHPE",20
"CHBA",31
"CHPE",22
"DIME",46
"PEME",25
"CHPE",21
"CHBA",37
"CHPE",18
"REFU",12
"DIME",44
"ONTO",26
"CHPE",17
"CHBA",26
"ONTO",35
"CHBA",21
"REFU",13
"CHPE",13
"CHBA",28
"NEAL",200
"DIME",39
"DIME",46
"ONTO",28
"DIME",51
"DIME",44
"DIME",47
"CHPE",23
"CHPE",21
"DIME",48
"DIME",29
"ONTO",30
"DIME",41
"CHPE",19
"DIME",33
"DIME",43
"DIME",47
"DIME",50
"CHBA",38
"DIME",41
"CHBA",32
"DIME",45
"DIME",48
"CHPE",22
"DIME",31
"DIME",41
"DIME",53
"CHPE",14
"CHPE",20
"CHBA",35
"CHPE",19
"CHPE",17
"CHBA",26
"DIME",42
"DIME",47
"CHBA",40
"CHBA",31
"DIME",41
"PEME",26
"CHPE",20
"CHBA",31
"CHBA",21
"DIME",54
"CHBA",24
"CHBA",29
"CHBA",37
"CHPE",21
"CHBA",38
"DIME",42
"DIME",35
"DIME",49
"CHBA",32
"CHBA",33
"DIME",47
"CHIN",13
"DIME",48
"CHBA",24
"CHBA",27
"DIME",48
"CHPE",23
"CHPE",21
"CHBA",29
"CHPE",15
"CHBA",30
"DIME",29
"CHPE",22
"CHBA",36
"CHPE",20
"CHPE",24
"CHBA",29
"CHBA",33
"PEME",26
"NEAL",181
"CHBA",26
"CHPE",14
"CHBA",35
"DIME",47
"CHBA",30
"CHPE",22
"DIME",38
"DIME",34
"DIME",28
"PEFL",13
"REFU",16
"CHPE",19
"CHBA",39
"CHBA",26
"CHPE",15
"REFU",13
"ONTO",30
"NEAL",164
"CHBA",27
"CHBA",31
"DIME",36
"CHBA",35
"DIME",49
"CHBA",30
"CHPE",18
"ONTO",21
"DIME",48
"DIME",47
"DIME",49
"CHBA",37
"ONTO",13
"CHBA",39
"CHPE",18
"DIME",33
"CHPE",20
"DIME",47
"DIME",47
"CHBA",30
"CHBA",40
"NEAL",153
"CHPE",15
"DIME",38
"DIME",43
"CHBA",27
"ONTO",28
"DIME",42
"DIME",40
"ONTO",25
"NEAL",152
"DIME",41
"DIME",42
"DISP",91
"CHBA",27
"DIME",43
"DIME",36
"DIME",42
"NEAL",197
"NEAL",183
"DIME",44
"CHBA",31
"DIME",36
"DIME",33
"DIME",43
"CHBA",19
"PEAM",18
"DIME",45
"ONTO",23
"CHBA",20
"PEAM",13
"CHPE",19
"CHPE",19
"CHPE",20
"DIME",46
"DIME",22
"NEAL",193
"CHPE",18
"NEAL",126
"DIME",43
"CHPE",20
"NEAL",92
"CHPE",19
"ONTO",27
"CHPE",17
"DIME",47
"CHPE",19
"DIME",46
"DIME",44
"CHBA",27
"NEAL",73
"DIME",42
"DIME",48
"NEAL",163
"CHBA",28
"CHPE",12
"DIME",47
"CHPE",17
"DIME",33
"ONTO",26
"DIME",46
"ONTO",23
"DIME",40
"CHPE",19
"DIME",48
"NEAL",173
"DIME",32
"CHPE",14
"ONTO",26
"DIME",54
"DIME",38
"DIME",46
"DIME",48
"DIME",47
"ONTO",24
"DIME",50
"CHPE",20
"CHBA",25
"DIME",44
"CHPE",16
"DIME",49
"PEAM",11
"CHPE",21
"DIME",43
"CHPE",12
"CHIN",12
"CHPE",21
"CHPE",19
"CHPE",18
"CHPE",13
"CHPE",19
"DIME",46
"DIME",40
"CHPE",18
"CHPE",19
"DIME",37
"CHPE",14
"CHPE",17
"CHPE",18
"CHPE",19
"DIME",32
"CHPE",14
"CHBA",25
"DIME",24
"DIME",48
"DIME",46
"CHPE",23
"ONTO",25
"CHPE",16
"NEAL",21
"CHIN",10
"CHPE",19
"CHPE",17
"CHPE",18
"CHIN",12
"DIME",47
"NEAL",150
"DIME",36
"CHPE",21
"CHPE",21
"DIME",37
"DIME",34
"DIME",41
"CHPE",19
"DIME",46
"DIME",51
"CHPE",14
"CHPE",18
"CHPE",23
"CHPE",20
"CHBA",24
"CHPE",19
"CHPE",21
"CHPE",21
"CHPE",18
"CHPE",16
"CHPE",20
"CHPE",18
"ONTO",29
"ONTO",23
"CHPE",18
"DIME",39
"DIME",32
"DIME",40
"DIME",44
"NEAL",229
"ONTO",28
"CHBA",13
"DIME",44
"CHBA",24
"DIME",46
"DIME",24
"DIME",41
"ONTO",28
"NEAL",172
"NEAL",160
"DIME",43
"CHBA",27
"CHPE",12
"DIME",33
"ONTO",29
"DIME",45
"CHPE",18
"NEAL",110
"CHBA",41
"DIME",45
"DIME",41
"CHBA",26
"DIME",48
"DIME",42
"DIME",45
"NEAL",123
"CHBA",37
"NEAL",161
"CHBA",28
"DIME",38
"NEAL",143
"DIME",32
"NEAL",151
"DIME",42
"CHIN",12
"DIME",42
"DIME",45
"CHPE",17
"DIME",39
"NEAL",151
"CHBA",29
"DIME",44
"CHPE",20
"DIME",41
"DIME",39
"DIME",42
"DIME",33
"CHPE",13
"DIME",40
"CHBA",35
"DIME",52
"CHBA",27
"ONTO",19
"CHPE",20
"DIME",46
"DIME",47
"CHPE",17
"CHPE",17
"DIME",44
"DIME",41
"PEFL",12
"ONTO",24
"DIME",52
"DIME",39
"CHPE",17
"NEAL",185
"NEAL",127
"NEAL",167
"CHBA",31
"DIME",46
"NEAL",175
"DIME",46
"CHBA",31
"CHBA",32
"NEAL",158
"DIME",42
"CHBA",28
"CHBA",23
"NEAL",187
"NEAL",162
"DIME",42
"ONTO",30
"CHPE",18
"DIME",42
"DIME",44
"DIME",34
"DIME",46
"NEAL",153
"NEAL",226
"CHBA",24
"DIME",50
"CHBA",35
"CHBA",25
"DIME",45
"CHBA",40
"REFU",16
"CHBA",29
"DIME",40
"ONTO",30
"CHPE",19
"DIME",46
"CHPE",18
"PEER",28
"DIME",31
"CHPE",17
"CHBA",29
"CHBA",30
"CHBA",24
"CHPE",23
"DIME",46
"PEER",18
"ONTO",23
"CHPE",20
"DIME",42
"ONTO",30
"CHBA",28
"CHBA",24
"CHBA",30
"CHBA",30
"REFU",16
"CHBA",23
"PEER",29
"CHPE",22
"PEER",31
"REFU",12
"CHPE",18
"DIME",49
"PEER",27
"DIME",54
"CHBA",29
"ONTO",31
"DIME",42
"REFU",18
"DIME",52
"CHPE",18
"DIME",51
"REFU",16
"CHPE",23
"CHPE",24
"CHBA",24
"DIME",42
"DIME",42
"CHPE",19
"DIME",53
"DIME",42
"DIME",38
"DIME",50
"CHPE",19
"DIME",50
"DIME",46
"CHPE",19
"ONTO",26
"DIME",49
"DIME",49
"CHPE",25
"DIME",29
"DIME",43
"CHBA",30
"DIME",47
"CHBA",29
"CHPE",26
"ONTO",28
"DIME",46
"REFU",11
"NEAL",133
"PEER",16
"CHBA",26
"PEER",26
"CHPE",20
"CHPE",17
"DIME",29
"DIME",38
"CHPE",19
"CHBA",28
"CHPE",24
"CHPE",22
"ONTO",23
"NEAL",227
"DIME",46
"DIME",51
"NEAL",223
"DIME",50
"CHBA",33
"DIME",49
"NEAL",158
"NEAL",221
"CHPE",18
"NEAL",213
"DIME",40
"NEAL",118
"ONTO",26
"ONTO",29
"CHPE",24
"DIME",55
"DIME",43
"CHBA",30
"DIME",47
"DIME",44
"DIME",50
"NEAL",193
"CHPE",24
"CHPE",19
"DIME",58
"CHPE",17
"CHBA",32
"DIME",44
"CHBA",30
"DIME",52
"DIME",48
"DIME",48
"NEAL",182
"CHPE",18
"DIME",44
"CHBA",29
"DIME",45
"CHBA",34
"CHBA",26
"CHPE",19
"DIME",43
"NEAL",113
"DIME",42
"CHPE",16
"DIME",50
"CHBA",30
"CHPE",17
"CHBA",29
"CHPE",18
"CHBA",28
"CHPE",17
"NEAL",48
"NEAL",181
"CHBA",37
"DIME",46
"DIME",44
"DIME",47
"DIME",49
"NEAL",198
"NEAL",210
"CHBA",26
"NEAL",194
"CHBA",33
"CHBA",28
"DIME",45
"ONTO",24
"CHPE",28
"CHPE",17
"DIME",52
"NEAL",122
"ONTO",27
"CHBA",45
"NEAL",145
"DIME",51
"CHBA",27
"NEAL",174
"CHBA",34
"CHBA",30
"ONTO",26
"CHBA",31
"DIME",44
"CHPE",30
"DIME",37
"CHPE",17
"ONTO",18
"DIME",52
"CHPE",14
"CHPE",19
"NEAL",211
"DIME",47
"NEAL",201
"DIME",46
"CHBA",33
"DIME",42
"NEAL",192
"DIME",45
"CHBA",41
"CHBA",30
"DIME",41
"CHPE",27
"DIME",49
"DIME",41
"DISP",109
"ONTO",15
"DIME",49
"ONTO",27
"CHPE",17
"ONTO",31
"NEAL",133
"CHBA",25
"CHPE",14
"DIME",42
"CHPE",17
"DIME",36
"CHPE",19
"DIME",51
"DIME",49
"DIME",52
"CHBA",42
"DIME",40
"DIME",48
"CHBA",29
"CHPE",16
"NEAL",221
"ONTO",33
"CHPE",19
"DIME",43
"DIME",42
"DIME",53
"DIME",51
"DIME",43
"DIME",54
"DIME",43
"DIME",39
"CHPE",15
"DIME",41
"CHPE",16
"CHPE",16
"CHPE",20
"DIME",45
"CHPE",16
"CHBA",36
"DIME",37
"CHBA",35
"CHPE",16
"CHPE",18
"CHPE",19
"CHBA",27
"CHBA",26
"CHBA",26
"NEAL",195
"CHBA",33
"CHBA",27
"DIME",45
"CHBA",26
"CHBA",33
"CHPE",17
"CHPE",19
"DIME",46
"DIME",40
"DIME",54
"CHPE",18
"NEAL",133
"CHPE",20
"DIME",45
"CHPE",14
"DIME",49
"CHPE",17
"CHPE",15
"DIME",51
"CHPE",18
"CHPE",15
"CHPE",14
"CHPE",15
"NEAL",283
"CHBA",29
"CHBA",40
"DIME",40
"ONTO",23
"DIME",52
"CHBA",30
"NEAL",223
"CHPE",19
"CHBA",34
"CHPE",17
"CHPE",18
"CHPE",12
"DIME",50
"CHBA",32
"CHBA",29
"CHBA",32
"CHPE",17
"DIME",47
"NEAL",218
"DIME",44
"CHPE",19
"CHPE",16
"NEAL",183
"CHPE",15
"CHPE",15
"DIME",40
"CHPE",15
"CHPE",17
"CHPE",17
"CHPE",21
"CHPE",16
"CHBA",32
"CHPE",19
"CHPE",16
"CHPE",13
"CHPE",13
"CHPE",17
"CHPE",14
"CHPE",17
"CHBA",29
"CHPE",16
"CHPE",17
"CHPE",14
"CHBA",40
"NEAL",231
"CHPE",16
"CHBA",26
"CHBA",26
"CHBA",24
"CHPE",17
"CHBA",26
"CHBA",24
"CHPE",15
"DIME",41
"CHBA",32
"CHBA",39
"CHBA",30
"CHBA",24
"NEAL",220
"CHPE",17
"CHBA",27
"NEAL",169
"ONTO",25
"CHPE",19
"CHPE",15
"CHBA",32
"CHPE",18
"CHPE",17
"NEAL",47
"CHPE",16
"CHPE",17
"CHPE",19
"CHPE",15
"CHPE",17
"NEAL",212
"NEAL",190
"PEER",26
"CHBA",25
"CHBA",30
"CHPE",14
"CHBA",33
"CHBA",31
"CHPE",14
"DIME",69
"CHPE",18
"DIME",46
"CHBA",26
"DIME",45
"CHBA",29
"CHBA",27
"NEAL",225
"CHBA",30
"CHPE",16
"NEAL",160
"DIME",46
"CHBA",30
"CHPE",16
"DIME",44
"CHBA",28
"CHBA",28
"CHBA",35
"CHPE",20
"CHPE",21
"CHBA",25
"DIME",45
"CHBA",34
"DIME",47
"DIME",49
"DIME",55
"CHBA",25
"CHBA",38
"CHPE",17
"CHBA",25
"CHBA",31
"CHBA",30
"DIME",47
"CHBA",26
"CHBA",25
"CHBA",25
"ONTO",24
"CHPE",21
"DIME",51
"CHBA",29
"CHPE",19
"CHBA",31
"DIME",45
"PEER",30
"CHBA",25
"DIME",38
"CHPE",14
"CHBA",25
"CHBA",31
"DIME",44
"NEAL",211
"PEER",24
"CHPE",24
"DIME",44
"CHBA",27
"CHBA",139
"NEAL",139
"SIAR",236
"CHBA",30
"CHBA",24
"PEER",25
"CHPE",27
"NEAL",169
"NEAL",204
"DIME",44
"ONTO",25
"NEAL",213
"ONTO",21
"CHPE",18
"NEAL",220
"DIME",52
"DIME",49
"DIME",50
"CHBA",25
"ONTO",25
"DIME",50
"DIME",50
"ONTO",19
"CHBA",34
"CHBA",47
"NEAL",132
"ONTO",25
"DIME",48
"NEAL",171
"DIME",36
"NEAL",224
"ONTO",21
"NEAL",153
"DIME",46
"NEAL",217
"DIME",43
"CHBA",37
"CHBA",25
"ONTO",18
"CHPE",14
"ONTO",34
"ONTO",20
"CHPE",13
"ONTO",26
"CHBA",32
"DIME",45
"CHPE",18
"CHBA",30
"CHBA",33
"NEAL",78
"DIME",42
"ONTO",20
"CHBA",32
"CHBA",28
"ONTO",22
"DIME",48
"DIME",40
"DIME",44
"NEAL",210
"CHBA",27
"CHBA",32
"REFU",12
"ONTO",19
"NEAL",128
"ONTO",17
"CHBA",30
"CHBA",40
"DIME",45
"REFU",13
"CHPE",16
"DIME",43
"DIME",47
"DIME",46
"ONTO",23
"CHBA",36
"CHBA",28
"CHBA",24
"DISP",114
"DIME",48
"NEAL",203
"DIME",42
"ONTO",24
"CHBA",40
"DIME",44
"ONTO",27
"NEAL",193
"REFU",12
"DIME",48
"ONTO",22
"DIME",41
"DIME",31
"REFU",12
"ONTO",18
"CHBA",28
"DIME",44
"DIME",40
"DIME",43
"DIME",44
"DIME",42
"DIME",39
"DIME",35
"DIME",40
"DIME",39
"DIME",46
"ONTO",23
"CHBA",38
"DIME",50
"CHBA",37
"CHBA",32
"ONTO",25
"DIME",34
"NEAL",142
"DIME",47
"CHBA",25
"DIME",54
"DIME",45
"DIME",46
"DIME",38
"NEAL",171
"DIME",45
"CHPE",18
"DIME",46
"DIME",37
"DIME",42
"CHPE",17
"CHPE",16
"DIME",42
"DIME",44
"DIME",43
"CHBA",30
"CHBA",18
"DIME",36
"CHPE",18
"CHBA",44
"DIME",50
"CHPE",15
"ONTO",25
"ONTO",22
"DIME",42
"DIME",42
"CHPE",18
"CHBA",35
"CHPE",15
"DIME",40
"CHPE",16
"NEAL",294
"CHPE",23
"CHPE",16
"CHPE",21
"CHPE",15
"DIME",46
"CHPE",19
"CHPE",18
"ONTO",23
"CHPE",18
"DIME",52
"CHBA",33
"CHPE",20
"CHPE",19
"DIME",49
"DIME",40
"CHPE",18
"DIME",46
"DIME",50
"CHPE",19
"CHPE",17
"NEAL",221
"CHPE",16
"CHPE",17
"DISP",138
"CHPE",15
"CHPE",18
"DIME",44
"DIME",52
"DIME",50
"CHPE",19
"CHPE",18
"DIME",45
"REFU",12
"REFU",11
"ONTO",24
"DIME",35
"NEAL",112
"CHBA",47
"CHBA",28
"NEAL",185
"DIME",39
"DIME",42
"NEAL",200
"PEAM",11
"DIME",30
"NEAL",230
"NEAL",190
"REFU",11
"ONTO",25
"CHPE",17
"CHPE",17
"DIME",38
"NEAL",172
"CHBA",40
"NEAL",173
"CHPE",12
"NEAL",201
"DIME",43
"DIME",38
"CHPE",20
"DIME",38
"ONTO",25
"CHBA",35
"ONTO",36
"DIME",38
"NEAL",120
"DIME",42
"NEAL",110
"DIME",39
"DIME",48
"NEAL",160
"CHPE",16
"DIME",34
"REFU",15
"CHPE",22
"CHPE",13
"PEER",26
"DIME",41
"DIME",43
"DIME",37
"DIME",43
"CHPE",18
"CHBA",39
"NEAL",170
"DIME",36
"NEAL",190
"NEAL",235
"CHPE",20
"CHPE",28
"NEAL",74
"ONTO",26
"DIME",41
"DIME",33
"CHPE",19
"PEER",26
"ONTO",27
"DIME",37
"DIME",31
"CHBA",32
"REFU",12
"NEAL",60
"NEAL",235
"DIME",36
"NEAL",160
"NEAL",105
"ONTO",25
"DIME",34
"NEAL",195
"CHBA",23
"PEER",24
"DIME",37
"DIME",36
"NEAL",170
"DIME",33
"NEAL",203
"CHBA",38
"REFU",10
"NEAL",192
"NEAL",81
"DIME",51
"NEAL",170
"CHBA",24
"CHBA",31
"NEAL",203
"REFU",12
"CHBA",39
"REFU",14
"DIME",43
"REFU",12
"REFU",11
"ONTO",26
"NEAL",95
"ONTO",23
"DIME",30
"CHPE",19
"REFU",11
"PEER",20
"DIME",34
"CHPE",21
"CHPE",17
"NEAL",140
"ONTO",26
"NEAL",110
"REME",10
"CHBA",32
"PEFV",13
"NEAL",70
"NEAL",65
"CHPE",20
"NEAL",90
"DIME",41
"CHPE",20
"REFU",12
"DIME",38
"DIME",44
"DIME",36
"CHPE",20
"DIME",34
"NEAL",220
"CHBA",44
"NEAL",100
"ONTO",27
"NEAL",195
"NEAL",160
"ONTO",29
"NEAL",125
"CHBA",24
"CHBA",37
"DIME",42
"DIME",46
"SIAR",141
"NEAL",198
"REFU",13
"NEAL",190
"CHBA",30
"DIME",35
"PEER",24
"NEAL",170
"DIME",40
"DIME",38
"NEAL",220
"DIME",40
"CHBA",39
"DIME",35
"DIME",37
"NEAL",160
"CHPE",19
"CHBA",37
"ONTO",27
"DIME",33
"ONTO",26
"DIME",39
"DIME",30
"NEAL",230
"DIME",44
"DIME",45
"DIME",42
"DIME",43
"DIME",43
"DIME",41
"DIME",38
"DIME",52
"DIME",42
"DIME",48
"DIME",39
"DIME",40
"DIME",37
"ONTO",22
"ONTO",29
"PEER",27
"DISP",110
"DIME",41
"DIME",33
"DIME",39
"DIME",45
"CHBA",41
"DIME",44
"DIME",47
"DIME",37
"DIME",41
"DIME",35
"CHPE",20
"DIME",53
"DIME",43
"PEER",27
"DIME",46
"ONTO",28
"DIME",41
"DIME",52
"DIME",35
"DIME",47
"DIME",47
"ONTO",22
"CHBA",29
"DIME",44
"PEER",22
"DIME",37
"DIME",39
"NEAL",170
"DIME",39
"ONTO",30
"DIME",40
"NEAL",180
"NEAL",125
"DIME",29
"REFU",14
"CHBA",39
"NEAL",60
"NEAL",215
"ONTO",25
"DIME",42
"CHPE",17
"DIME",33
"DIME",39
"DIME",40
"NEAL",215
"CHPE",18
"CHPE",17
"CHPE",20
"DIME",34
"DIME",35
"DIME",42
"DIME",39
"REFU",15
"NEAL",120
"CHBA",29
"DIME",33
"NEAL",190
"DIME",39
"ONTO",29
"DIME",38
"NEAL",155
"REFU",12
"CHBA",29
"CHBA",36
"NEAL",150
"REFU",15
"DIME",38
"NEAL",110
"CHPE",19
"CHPE",15
"DIME",32
"DIME",35
"REFU",15
"DIME",34
"DIME",39
"DIME",47
"DIME",43
"DIME",34
"CHBA",43
"PEER",28
"CHBA",31
"DIME",40
"NEAL",180
"DIME",42
"ONTO",26
"DIME",38
"NEAL",155
"ONTO",26
"NEAL",65
"CHPE",19
"ONTO",22
"PEER",24
"DIME",35
"DIME",46
"PEER",23
"ONTO",17
"DIME",44
"CHBA",36
"ONTO",24
"REFU",14
"REFU",11
"ONTO",26
"CHBA",27
"DIME",44
"NEAL",153
"DIME",35
"CHPE",22
"CHBA",27
"DIME",42
"ONTO",23
"DIME",36
"REFU",11
"CHBA",26
"CHBA",29
"DIME",45
"REME",6
"CHBA",34
"DIME",42
"CHBA",42
"DIME",40
"REFU",12
"DIME",37
"CHBA",35
"CHBA",30
"ONTO",23
"DIME",37
"REFU",13
"DIME",52
"ONTO",22
"DIME",40
"DIME",37
"PEER",33
"CHBA",24
"DIME",50
"ONTO",22
"REFU",11
"DIME",47
"DIME",39
"CHBA",30
"DIME",37
"DIME",30
"CHBA",31
"DIME",38
"REFU",13
"CHBA",48
"CHPE",18
"DIME",39
"REFU",13
"DIME",34
"NEAL",154
"PEER",13
"REFU",11
"CHBA",31
"REFU",12
"CHBA",30
"NEAL",154
"REFU",12
"PEER",26
"CHBA",32
"REFU",11
"DIME",30
"NEAL",157
"REFU",11
"PEER",28
"PEER",27
"CHBA",36
"PEER",33
"ONTO",25
"CHBA",34
"CHBA",29
"DIME",45
"CHBA",39
"CHBA",30
"ONTO",20
"ONTO",29
"PEER",25
"DIME",30
"DIME",50
"DIME",46
"ONTO",21
"DIME",38
"CHBA",35
"DIME",36
"ONTO",23
"CHBA",30
"DIME",36
"DIME",33
"CHBA",29
"ONTO",26
"NEAL",175
"ONTO",26
"CHBA",40
"CHBA",29
"ONTO",24
"REFU",11
"CHBA",47
"DIME",48
"ONTO",25
"ONTO",22
"DIME",43
"DIME",41
"DIME",42
"DIME",36
"DIME",34
"DIME",45
"CHBA",43
"CHBA",31
"DISP",90
"CHBA",38
"NEAL",69
"REFU",12
"CHBA",33
"CHBA",26
"CHBA",29
"DIME",35
"CHBA",29
"NEAL",155
"DIME",40
"ONTO",23
"ONTO",24
"ONTO",23
"CHPE",32
"DISP",115
"DIME",34
"CHBA",33
"ONTO",20
"DIME",42
"ONTO",27
"DIME",35
"DIME",42
"CHPE",18
"DIME",42
"CHBA",25
"CHBA",33
"CHBA",29
"CHBA",31
"REFU",13
"CHPE",20
"CHBA",29
"CHPE",18
"DIME",43
"NEAL",95
"CHBA",38
"ONTO",21
"DIME",38
"DIME",37
"ONTO",24
"DIME",36
"DIME",43
"PEER",28
"ONTO",24
"DIME",42
"ONTO",22
"CHPE",16
"DIME",35
"DIME",44
"CHBA",32
"DIME",37
"REFU",13
"ONTO",21
"REFU",13
"ONTO",27
"CHBA",25
"DIME",47
"ONTO",24
"ONTO",22
"CHBA",37
"CHBA",30
"DIME",40
"ONTO",24
"CHBA",29
"DIME",47
"DIME",45
"CHBA",30
"DIME",30
"CHPE",15
"CHBA",44
"REFU",13
"ONTO",25
"DIME",29
"CHBA",46
"ONTO",23
"REFU",11
"ONTO",20
"DIME",37
"NEAL",135
"ONTO",24
"DIME",28
"NEAL",105
"CHBA",29
"PEER",25
"NEAL",137
"NEAL",143
"REFU",11
"PEER",30
"ONTO",24
"PEER",30
"CHBA",29
"REFU",12
"CHBA",31
"CHBA",29
"CHBA",36
"NEAL",83
"REFU",12
"CHBA",24
"CHBA",40
"DIME",44
"REFU",10
"DIME",40
"CHBA",29
"REME",6
"REFU",14
"DIME",43
"DIME",42
"CHBA",36
"DIME",35
"CHBA",35
"NEAL",138
"CHBA",26
"DIME",33
"CHPE",13
"DIME",38
"DIME",40
"DIME",35
"CHBA",21
"CHBA",24
"CHPE",16
"DIME",41
"ONTO",17
"CHBA",36
"CHBA",39
"CHBA",27
"ONTO",22
"PEER",38
"REFU",12
"DIME",45
"DIME",41
"DIME",36
"CHBA",29
"CHBA",25
"DIME",42
"DIME",50
"DIME",41
"DIME",33
"REFU",11
"NEAL",143
"REFU",12
"NEAL",133
"CHBA",30
"REFU",11
"CHBA",20
"CHBA",29
"CHBA",35
"PEER",27
"CHBA",26
"CHBA",30
"REFU",11
"CHPE",21
"CHBA",33
"PEER",28
"PEER",25
"NEAL",133
"CHBA",35
"REFU",12
"CHBA",26
"DIME",41
"REFU",13
"DIME",35
"DIME",30
"ONTO",29
"CHPE",13
"DIME",39
"DIME",31
"DIME",42
"CHBA",35
"CHBA",34
"REFU",12
"CHBA",33
"DIME",42
"CHBA",30
"DIME",47
"DIME",40
"NEAL",130
"ONTO",25
"REFU",12
"DIME",36
"NEAL",213
"DIME",44
"CHBA",27
"NEAL",133
"PEAM",15
"CHBA",31
"REFU",14
"NEAL",153
"ONTO",27
"NEAL",147
"DIME",49
"PEER",23
"DIME",38
"DIME",39
"NEAL",163
"DIME",46
"DIME",38
"DIME",41
"NEAL",165
"CHPE",20
"CHPE",20
"DIME",39
"CHPE",21
"NEAL",201
"NEAL",234
"PEER",27
"DIME",44
"NEAL",143
"ONTO",32
"DIME",46
"DIME",43
"PEER",27
"CHPE",16
"CHPE",18
"ONLE",30
"DIME",37
"DIME",38
"CHPE",18
"CHPE",17
"ONTO",34
"CHBA",29
"NEAL",141
"CHBA",34
"CHPE",19
"DIME",40
"DIME",52
"CHPE",19
"NEAL",211
"NEAL",238
"CHPE",20
"CHPE",21
"REFU",11
"DIME",44
"CHPE",25
"CHPE",19
"NEAL",182
"DIME",44
"DIME",43
"CHPE",21
"PEER",25
"CHPE",18
"DIME",42
"NEAL",111
"DIME",46
"CHPE",17
"CHPE",18
"NEAL",225
"DIME",38
"CHBA",34
"REME",9
"NEAL",237
"DIME",50
"DIME",42
"DIME",45
"NEAL",189
"REFU",14
"ONTO",26
"ONTO",30
"DIME",44
"CHPE",17
"CHPE",18
"NEAL",222
"PEAM",14
"CHPE",19
"PEER",23
"NEAL",137
"NEAL",171
"NEAL",157
"DIME",34
"CHPE",16
"ONTO",24
"NEAL",210
"DIME",35
"CHBA",30
"DIME",36
"PEER",24
"DIME",35
"NEAL",135
"NEAL",121
"NEAL",229
"NEAL",168
"CHBA",31
"DIME",47
"ONLE",29
"DIME",45
"DIME",44
"NEAL",120
"DIME",40
"DIME",42
"DIME",38
"CHBA",27
"DIME",43
"REFU",9
"ONTO",29
"ONTO",28
"CHBA",36
"DIME",37
"DIME",33
"CHPE",21
"ONTO",10
"NEAL",170
"PEER",21
"DIME",47
"NEAL",115
"ONTO",28
"CHPE",18
"NEAL",205
"DIME",42
"CHBA",30
"REFU",13
"REFU",11
"DIME",45
"ONTO",31
"NEAL",124
"DIME",39
"CHPE",20
"DIME",42
"NEAL",153
"NEAL",122
"DIME",35
"NEAL",143
"NEAL",150
"CHBA",33
"DIME",34
"ONTO",22
"ONTO",30
"ONTO",25
"NEAL",127
"DIME",39
"CHPE",20
"PEAM",14
"PEER",11
"ONTO",27
"CHBA",40
"DIME",48
"DIME",45
"DIME",48
"PEER",26
"DIME",51
"DIME",53
"DIME",54
"DIME",45
"CHBA",27
"CHPE",18
"DIME",43
"ONTO",11
"DIME",57
"DIME",47
"DIME",45
"DIME",39
"ONTO",33
"DIME",46
"DIME",50
"CHPE",21
"DIME",41
"DIME",45
"DIME",44
"DIME",45
"ONTO",30
"ONTO",34
"DIME",40
"ONTO",29
"DIME",43
"DIME",41
"DIME",41
"CHBA",35
"NEAL",224
"NEAL",147
"NEAL",178
"CHPE",20
"DIME",43
"ONTO",23
"ONTO",25
"CHBA",49
"DIME",50
"DIME",35
"DIME",35
"CHBA",28
"CHPE",21
"PEER",29
"DIME",33
"CHBA",33
"CHPE",18
"CHBA",36
"PEER",32
"CHBA",29
"REFU",9
"DIME",48
"PEER",24
"DIME",39
"PEER",29
"CHBA",31
"DIME",45
"DIME",44
"ONTO",27
"DIME",44
"DIME",41
"ONTO",26
"REFU",12
"DIME",34
"REFU",15
"DIME",50
"CHBA",29
"CHBA",40
"DIME",40
"ONTO",33
"ONTO",26
"DIME",51
"ONTO",23
"DISP",110
"DIME",45
"ONTO",31
"ONTO",25
"ONTO",25
"DIME",48
"DIME",38
"DIME",41
"ONTO",27
"PELE",21
"CHBA",32
"REFU",12
"DIME",37
"DIME",46
"DISP",102
"DIME",43
"ONTO",33
"CHBA",25
"CHPE",18
"CHPE",17
"DIME",48
"CHBA",33
"ONTO",28
"DIME",50
"CHBA",43
"REFU",13
"NEAL",160
"ONTO",33
"ONTO",26
"CHBA",24
"DIME",45
"DIME",39
"CHBA",30
"CHBA",12
"ONTO",22
"CHBA",31
"DIME",32
"CHBA",23
"ONTO",27
"DIME",44
"DIME",40
"CHBA",27
"CHBA",28
"PEER",29
"ONTO",26
"CHPE",17
"PEER",27
"ONTO",22
"DIME",45
"PEER",31
"CHBA",39
"DIME",43
"CHPE",20
"CHPE",20
"CHBA",35
"CHBA",30
"DIME",42
"DIME",44
"CHBA",32
"CHBA",26
"ONTO",26
"DIME",38
"ONTO",26
"CHPE",33
"CHPE",18
"DIME",40
"DIME",42
"CHPE",19
"ONTO",33
"DIME",36
"DIME",30
"ONTO",23
"CHPE",17
"NEAL",125
"DIME",35
"REFU",11
"CHBA",28
"ONTO",34
"PELE",19
"CHBA",42
"CHBA",30
"CHPE",19
"DIME",42
"CHBA",23
"REFU",13
"DIME",35
"ONTO",29
"ONTO",26
"DIME",40
"DIME",43
"DIME",48
"CHBA",48
"CHBA",25
"CHPE",39
"DIME",35
"DISP",115
"NEAL",185
"DIME",29
"CHBA",30
"CHBA",34
"DIME",43
"DIME",44
"DISP",100
"ONTO",25
"DIME",33
"DIME",36
"DIME",37
"DIME",46
"DIME",39
"DIME",41
"DIME",31
"REFU",14
"CHBA",27
"CHPE",19
"REME",9
"REFU",11
"CHBA",39
"ONTO",33
"PEER",25
"DIME",33
"DIME",38
"DIME",43
"REFU",13
"CHPE",13
"DIME",42
"DIME",49
"CHBA",30
"CHBA",25
"CHBA",39
"CHBA",34
"ONTO",24
"ONTO",23
"ONTO",26
"ONTO",27
"NEAL",75
"CHBA",22
"CHBA",28
"DIME",29
"DIME",46
"DIME",48
"PEER",25
"ONTO",26
"CHBA",30
"CHBA",17
"CHBA",31
"DIME",37
"REFU",12
"PEER",27
"DIME",42
"ONTO",26
"DIME",41
"ONTO",23
"DIME",40
"DISP",95
"DIME",40
"CHBA",30
"REFU",10
"DIME",35
"REFU",14
"DIME",34
"ONTO",22
"CHPE",18
"CHPE",16
"CHBA",47
"ONTO",26
"CHBA",26
"CHBA",33
"DISP",105
"ONTO",15
"ONTO",28
"DIME",44
"CHBA",24
"DIME",42
"CHBA",38
"ONTO",26
"ONTO",26
"CHPE",16
"ONTO",24
"CHBA",34
"NEAL",130
"DIME",35
"PELE",18
"DIME",37
"ONTO",23
"ONTO",34
"PEER",12
"DIME",44
"DIME",49
"ONTO",27
"CHBA",29
"NEAL",70
"DIME",43
"DIME",39
"ONTO",21
"DIME",35
"CHBA",31
"ONTO",31
"NEAL",126
"CHPE",18
"CHBA",15
"DIME",44
"NEAL",183
"CHPE",18
"CHBA",15
"DIME",34
"DIME",45
"CHPE",14
"DIME",41
"DIME",45
"DIME",43
"NEAL",163
"NEAL",149
"CHBA",10
"DIME",32
"ONTO",29
"NEAL",149
"NEAL",155
"CHPE",20
"DIME",38
"DIME",43
"DIME",34
"CHBA",30
"CHPE",18
"DIME",35
"CHPE",19
"DIME",41
"CHPE",19
"NEAL",144
"CHPE",9
"DIME",41
"CHPE",21
"DIME",42
"NEAL",128
"NEAL",223
"CHBA",25
"DIME",36
"ONTO",26
"NEAL",186
"ONTO",20
"CHBA",30
"NEAL",221
"CHPE",19
"CHPE",20
"CHPE",19
"DIME",35
"NEAL",223
"CHPE",18
"CHPE",17
"CHPE",18
"NEAL",138
"CHPE",8
"ONTO",25
"CHPE",8
"CHPE",18
"CHPE",8
"CHPE",16
"CHPE",14
"CHPE",8
"DIME",39
"CHBA",28
"CHPE",16
"CHPE",15
"CHPE",11
"CHPE",20
"DIME",36
"CHPE",15
"CHPE",16
"CHPE",15
"CHPE",7
"CHPE",19
"CHPE",10
"CHPE",17
"CHPE",18
"DIME",37
"CHBA",34
"DIME",46
"NEAL",243
"DIME",46
"DIME",44
"CHBA",37
"DIME",37
"CHPE",18
"NEAL",130
"ONTO",24
"DIME",45
"REFU",10
"DIME",42
"DIME",39
"DIME",47
"DIME",40
"NEAL",129
"NEAL",223
"CHBA",24
"NEAL",144
"NEAL",153
"CHBA",30
"NEAL",144
"CHPE",20
"DIME",39
"NEAL",139
"ONTO",19
"CHPE",18
"CHPE",7
"CHPE",17
"DIME",30
"DIME",42
"ONTO",27
"DIME",40
"ONTO",28
"DIME",43
"CHPE",14
"REFU",14
"CHBA",14
"ONTO",26
"CHBA",30
"DIME",32
"CHPE",21
"PEAM",12
"DIME",37
"CHPE",8
"CHBA",24
"NEAL",183
"CHPE",20
"CHPE",16
"CHBA",29
"ONTO",28
"DIME",30
"DIME",40
"CHPE",14
"DIME",36
"NEAL",134
"DIME",41
"CHPE",11
"DIME",31
"CHBA",11
"NEAL",158
"CHPE",17
"CHPE",18
"ONTO",29
"PEER",22
"CHBA",15
"CHBA",16
"DIME",39
"CHPE",17
"DIME",35
"DIME",43
"CHPE",20
"DIME",33
"DIME",40
"DIME",46
"CHPE",18
"DIME",38
"DIME",45
"ONTO",29
"DIME",49
"DIME",37
"DIME",43
"DIME",43
"PEER",23
"CHPE",14
"DIME",49
"DIME",43
"DIME",39
"ONTO",26
"DIME",43
"DIME",52
"DIME",40
"DIME",46
"DIME",41
"DIME",49
"DIME",47
"CHBA",39
"CHPE",20
"ONTO",31
"CHBA",26
"DIME",47
"DIME",48
"CHBA",12
"DIME",40
"CHBA",33
"CHBA",32
"CHBA",27
"ONTO",26
"DIME",35
"CHBA",27
"CHBA",33
"DIME",49
"DIME",36
"DISP",98
"REFU",13
"DIME",42
"CHBA",31
"DIME",41
"CHBA",25
"ONTO",23
"CHBA",37
"CHBA",8
"NEAL",133
"DISP",105
"CHPE",18
"DIME",33
"SIAR",114
"DIME",44
"CHBA",36
"DIME",50
"PEER",27
"ONTO",28
"CHBA",32
"DIME",37
"DIME",44
"CHBA",28
"DIME",38
"DIME",32
"DIME",34
"NEAL",169
"ONTO",23
"CHBA",28
"CHPE",16
"ONTO",29
"CHBA",25
"CHBA",26
"DIME",42
"ONTO",24
"REFU",15
"CHPE",15
"CHBA",23
"DIME",43
"DIME",38
"DIME",38
"DIME",32
"DIME",34
"CHPE",19
"CHBA",40
"DIME",42
"CHBA",33
"CHBA",30
"REFU",15
"DIME",40
"DIME",33
"CHPE",16
"DIME",49
"CHBA",36
"ONTO",24
"CHBA",27
"DIME",40
"DIME",41
"DIME",30
"ONTO",23
"DIME",44
"CHBA",15
"CHBA",26
"DIME",34
"REFU",13
"DIME",35
"CHBA",9
"DIME",28
"CHPE",8
"CHPE",18
"CHBA",11
"DIME",44
"ONTO",24
"CHBA",8
"NEAL",128
"DIME",42
"DISP",94
"DIME",35
"CHBA",12
"CHBA",10
"CHBA",26
"ONTO",25
"CHBA",34
"ONTO",33
"CHPE",16
"CHBA",26
"DIME",32
"CHBA",25
"ONTO",19
"CHBA",45
"DIME",34
"DIME",38
"REFU",12
"CHBA",18
"CHBA",30
"DIME",32
"CHBA",26
"CHBA",13
"DIME",34
"DIME",39
"DIME",45
"ONTO",23
"CHBA",26
"CHBA",27
"CHBA",23
"CHBA",36
"ONTO",23
"DIME",38
"DIME",40
"CHBA",30
"ONTO",11
"ONTO",29
"REFU",10
"DIME",40
"CHBA",26
"CHPE",16
"CHBA",26
"CHBA",25
"REFU",14
"CHBA",12
"DIME",28
"CHBA",44
"DIME",36
"DIME",37
"DIME",33
"CHBA",26
"DIME",30
"DIME",41
"DIME",32
"DISP",99
"NEAL",168
"CHBA",44
"CHBA",33
"CHBA",12
"DIME",40
"DIME",41
"CHBA",25
"ONTO",25
"ONTO",19
"NEAL",193
"CHPE",10
"DIME",34
"CHBA",9
"CHBA",24
"DISP",93
"CHPE",18
"CHBA",27
"CHPE",8
"ONTO",33
"CHBA",25
"CHBA",8
"CHBA",30
"DIME",39
"CHBA",18
"DIME",40
"CHBA",27
"SIAR",120
"ONTO",25
"DIME",32
"CHBA",11
"CHBA",35
"DIME",36
"REFU",13
"CHBA",29
"DIME",40
"DIME",39
"CHPE",17
"DIME",49
"DIME",31
"CHBA",33
"CHBA",31
"DIME",37
"DIME",29
"CHPE",18
"DIME",31
"CHPE",19
"DIME",44
"DIME",42
"DIME",35
"DIME",34
"CHPE",11
"CHPE",18
"NEAL",157
"DIME",39
"CHPE",21
"NEAL",233
"CHPE",11
"NEAL",158
"CHPE",18
"CHPE",16
"NEAL",198
"PEFL",11
"NEAL",76
"NEAL",222
"DIME",40
"CHPE",16
"PEER",25
"CHBA",30
"CHPE",10
"CHPE",10
"DIME",42
"CHPE",21
"CHBA",21
"CHPE",12
"DIME",38
"DIME",41
"CHBA",27
"CHBA",23
"DIME",34
"DIME",43
"CHPE",15
"CHPE",17
"NEAL",143
"NEAL",154
"CHPE",10
"DIME",41
"DIME",39
"DIME",44
"CHBA",24
"CHPE",16
"CHPE",15
"CHPE",18
"CHPE",16
"DIME",36
"CHPE",19
"CHPE",19
"CHPE",16
"CHPE",18
"CHPE",12
"CHPE",15
"CHPE",20
"NEAL",185
"CHPE",10
"CHPE",16
"CHPE",13
"CHPE",17
"CHPE",19
"CHPE",15
"CHPE",11
"CHPE",16
"CHPE",10
"CHPE",9
"CHBA",24
"CHPE",17
"CHPE",13
"DIME",38
"CHPE",18
"NEAL",136
"CHPE",19
"CHPE",17
"CHPE",14
"CHPE",10
"CHPE",19
"CHPE",16
"DIME",34
"NEAL",207
"CHPE",16
"CHPE",15
"DIME",38
"ONTO",25
"CHBA",28
"PEFL",11
"PEFL",9
"NEAL",144
"CHPE",17
"DIME",50
"CHPE",22
"PEER",26
"DIME",46
"DIME",43
"ONTO",16
"DIME",45
"DIME",46
"DIME",53
"CHPE",11
"DIME",40
"CHPE",9
"DIME",46
"ONTO",30
"CHPE",20
"DIME",48
"CHPE",17
"DIME",45
"DIME",29
"DIME",36
"CHBA",16
"CHBA",38
"CHPE",19
"CHBA",26
"DIME",43
"CHPE",21
"CHPE",12
"DIME",43
"CHPE",14
"DIME",35
"NEAL",78
"CHBA",23
"NEAL",141
"CHBA",29
"CHPE",10
"NEAL",223
"CHPE",20
"DIME",35
"CHPE",17
"DIME",41
"DIME",37
"DIME",49
"DIME",35
"DIME",38
"DIME",37
"NEAL",133
"CHPE",16
"CHPE",19
"PEFL",12
"CHPE",15
"DIME",32
"CHPE",17
"NEAL",137
"DIME",34
"CHPE",19
"DIME",44
"CHPE",19
"CHBA",42
"DIME",50
"NEAL",216
"ONTO",25
"NEAL",93
"DIME",32
"CHPE",15
"DIME",38
"DIME",43
"NEAL",212
"CHPE",14
"CHBA",23
"NEAL",149
"CHBA",26
"CHPE",20
"CHBA",21
"CHPE",19
"CHPE",13
"DIME",33
"CHPE",21
"CHBA",20
"CHBA",34
"NEAL",228
"NEAL",138
"CHPE",15
"NEAL",137
"CHBA",27
"NEAL",228
"PEFL",9
"CHBA",23
"CHPE",16
"CHPE",10
"NEAL",161
"CHPE",18
"CHBA",32
"PEFL",11
"ONTO",21
"CHBA",35
"DIME",47
"DIME",41
"CHBA",32
"CHBA",35
"CHPE",11
"DIME",46
"DIME",43
"CHBA",36
"CHBA",26
"CHBA",30
"CHBA",31
"CHBA",34
"CHPE",19
"DIME",45
"DIME",44
"PEER",25
"CHPE",14
"CHPE",16
"DIME",38
"DIME",45
"DIME",52
"PEER",25
"CHBA",40
"DIME",42
"CHBA",33
"DIME",43
"DIME",45
"CHBA",36
"DIME",34
"CHPE",23
"CHPE",20
"CHBA",26
"ONTO",26
"DIME",41
"ONTO",35
"CHBA",32
"DIME",38
"DIME",38
"DIME",45
"DIME",37
"DIME",42
"CHBA",29
"CHBA",30
"ONTO",32
"CHPE",15
"DIME",43
"DIME",37
"CHBA",26
"NEAL",133
"DIME",37
"CHBA",36
"DISP",92
"DIME",45
"CHBA",44
"CHBA",42
"CHBA",24
"DIME",44
"CHBA",16
"DIME",34
"ONTO",22
"DIME",41
"PEER",25
"CHBA",34
"CHBA",30
"DIME",40
"DIME",42
"CHPE",19
"CHBA",23
"CHBA",34
"CHBA",28
"DIME",44
"CHBA",18
"PEER",33
"CHBA",25
"CHBA",35
"CHPE",19
"CHPE",13
"CHBA",40
"DIME",50
"CHPE",14
"DIME",38
"DIME",40
"DIME",46
"ONTO",24
"DIME",46
"CHPE",15
"DIME",40
"DIME",48
"CHBA",33
"ONTO",30
"DIME",41
"DIME",41
"CHBA",25
"REFU",15
"DIME",42
"CHBA",35
"DIME",42
"CHPE",15
"CHBA",23
"DIME",34
"CHPE",13
"CHPE",21
"DIME",47
"DIME",44
"CHBA",26
"ONTO",28
"ONTO",25
"DISP",97
"CHBA",37
"CHBA",29
"PEER",22
"CHPE",14
"DIME",41
"CHBA",38
"CHBA",43
"ONTO",23
"DIME",42
"ONTO",32
"NEAL",133
"ONTO",21
"CHBA",24
"CHPE",13
"DIME",37
"DIME",38
"CHBA",28
"DIME",40
"PEER",32
"ONTO",15
"NEAL",165
"DIME",48
"DIME",44
"ONTO",20
"NEAL",135
"NEAL",142
"CHBA",26
"DIME",47
"DIME",36
"NEAL",133
"DIME",35
"DIME",44
"CHBA",28
"DIME",44
"REFU",15
"DIME",54
"PEFL",10
"DIME",41
"NEAL",207
"NEAL",224
"NEAL",172
"CHPE",15
"CHPE",17
"CHBA",22
"ONTO",24
"NEAL",152
"DIME",50
"CHPE",20
"CHPE",16
"CHPE",16
"CHPE",17
"CHPE",16
"CHPE",16
"CHBA",31
"DIME",40
"DIME",36
"NEAL",215
"CHBA",25
"NEAL",180
"PEER",22
"CHPE",18
"ONTO",24
"DIME",36
"DIME",43
"NEAL",161
"NEAL",163
"CHBA",28
"CHBA",26
"CHPE",18
"NEAL",146
"NEAL",233
"CHBA",37
"DIME",37
"CHPE",15
"CHPE",17
"CHPE",13
"NEAL",144
"CHPE",15
"CHPE",14
"NEAL",184
"CHPE",14
"CHPE",13
"CHPE",18
"CHPE",16
"NEAL",206
"CHPE",15
"DIME",44
"CHBA",29
"CHPE",19
"CHPE",15
"NEAL",206
"CHPE",11
"NEAL",195
"CHPE",16
"ONTO",24
"DIME",41
"DIME",43
"NEAL",39
"NEAL",216
"DIME",45
"CHPE",14
"PEER",25
"CHBA",22
"DIME",43
"NEAL",187
"ONTO",21
"DIME",39
"DIME",35
"PEER",21
"CHPE",15
"ONTO",27
"NEAL",170
"NEAL",162
"CHBA",32
"NEAL",232
"CHPE",18
"CHBA",31
"CHBA",25
"CHPE",17
"NEAL",219
"CHBA",35
"CHPE",15
"CHBA",26
"CHPE",17
"DIME",46
"CHBA",34
"CHBA",28
"DIME",45
"ONTO",25
"DIME",46
"CHPE",15
"CHPE",15
"ONTO",20
"DIME",36
"DIME",40
"NEAL",128
"CHBA",29
"CHBA",30
"NEAL",223
"CHBA",30
"CHBA",26
"NEAL",112
"CHBA",23
"NEAL",100
"CHPE",16
"DIME",33
"DIME",36
"PEFL",11
"PEFL",9
"CHPE",18
"CHPE",14
"CHPE",15
"ONTO",27
"ONTO",24
"NEAL",213
"DIME",42
"CHPE",13
"NEAL",218
"DIME",44
"CHBA",25
"CHPE",14
"CHPE",24
"CHBA",30
"PEER",21
"NEAL",180
"CHPE",14
"CHPE",17
"NEAL",165
"DIME",48
"DIME",51
"DIME",40
"DIME",44
"DIME",40
"DIME",41
"DIME",52
"DIME",40
"DIME",50
"DIME",36
"DIME",54
"DIME",39
"DIME",50
"DIME",47
"CHBA",27
"CHPE",15
"CHBA",23
"ONTO",26
"DIME",40
"DISP",113
"CHBA",30
"DIME",42
"DIME",36
"ONTO",25
"DIME",47
"DISP",111
"CHBA",38
"CHPE",15
"CHBA",30
"DIME",40
"CHPE",18
"DIME",37
"CHPE",15
"DIME",41
"CHPE",17
"CHBA",25
"CHBA",28
"CHBA",30
"DIME",47
"CHBA",33
"DIME",53
"CHBA",47
"DIME",42
"ONTO",10
"CHBA",34
"CHBA",31
"NEAL",18
"DIME",40
"ONTO",22
"CHPE",15
"DIME",43
"CHBA",47
"ONTO",22
"DIME",41
"DIME",47
"DIME",43
"DIME",46
"NEAL",169
"DIME",49
"CHPE",14
"DIME",40
"DISP",109
"CHBA",31
"ONTO",16
"DIME",43
"NEAL",163
"ONTO",22
"DIME",40
"CHBA",32
"CHBA",36
"DIME",35
"CHBA",30
"DIME",47
"DIME",41
"DIME",40
"DIME",35
"CHBA",44
"DISP",111
"ONTO",22
"PEER",25
"CHPE",16
"DIME",40
"DIME",41
"CHPE",15
"CHPE",15
"DIME",40
"CHPE",16
"CHBA",28
"DIME",37
"REFU",16
"CHBA",36
"NEAL",132
"DIME",48
"CHBA",29
"NEAL",170
"DIME",41
"DIME",39
"CHBA",22
"DIME",28
"CHBA",31
"CHPE",17
"CHBA",38
"CHPE",18
"NEAL",227
"DIME",46
"ONTO",17
"CHPE",14
"CHBA",29
"CHPE",16
"DIME",41
"NEAL",158
"CHBA",29
"CHBA",30
"DIME",40
"ONTO",23
"REFU",17
"DIME",45
"NEAL",98
"CHPE",17
"DIME",40
"PEER",32
"CHBA",29
"ONTO",19
"CHBA",41
"NEAL",161
"DIME",50
"CHBA",31
"DIME",40
"DIME",35
"ONTO",22
"DISP",106
"DIME",35
"CHBA",36
"DIME",39
"CHBA",44
"NEAL",181
"CHPE",7
"CHPE",12
"CHPE",18
"CHPE",15
"CHBA",30
"CHPE",9
"CHBA",22
"CHPE",14
"CHBA",24
"CHPE",16
"DIME",38
"DIME",40
"PEER",26
"PEER",24
"CHBA",35
"CHPE",17
"CHBA",29
"CHPE",15
"CHPE",15
"CHBA",24
"DIME",17
"CHBA",27
"CHPE",15
"CHPE",16
"DIME",38
"CHPE",16
"CHBA",28
"DIME",48
"DIME",38
"CHPE",14
"ONTO",24
"NEAL",213
"DIME",43
"NEAL",169
"CHBA",22
"NEAL",143
"CHPE",16
"DIME",44
"DIME",43
"ONTO",24
"ONTO",24
"ONTO",20
"CHBA",31
"DIME",40
"CHPE",16
"DIME",37
"ONTO",20
"CHBA",25
"NEAL",168
"CHBA",26
"DIME",42
"CHPE",16
"CHPE",16
"DIME",41
"DIME",43
"ONTO",23
"DIME",43
"CHPE",11
"CHPE",15
"ONTO",20
"DIME",35
"DIME",44
"ONTO",21
"NEAL",153
"CHPE",14
"CHPE",15
"NEAL",193
"DIME",39
"CHPE",15
"CHPE",15
"CHPE",16
"DIME",36
"DIME",35
"NEAL",223
"ONTO",17
"DIME",41
"CHPE",15
"NEAL",200
"PEER",26
"NEAL",204
"CHPE",15
"DIME",36
"CHPE",14
"NEAL",133
"DIME",37
"NEAL",212
"NEAL",151
"CHPE",15
"CHPE",11
"DIME",41
"DIME",40
"NEAL",159
"DIME",40
"ONTO",15
"NEAL",154
"NEAL",169
"NEAL",157
"PEER",23
"CHPE",16
"NEAL",139
"CHBA",26
"ONTO",23
"ONTO",15
"CHBA",29
"NEAL",217
"NEAL",173
"NEAL",218
"DIME",35
"CHPE",16
"ONTO",19
"CHPE",16
"CHBA",26
"CHBA",28
"CHBA",35
"DIME",45
"DIME",33
"DIME",35
"DIME",42
"DIME",41
"ONTO",20
"NEAL",219
"CHPE",15
"DIME",37
"DIME",38
"CHBA",23
"DIME",35
"DIME",46
"NEAL",135
"DIME",35
"NEAL",215
"CHBA",30
"CHBA",24
"CHPE",15
"NEAL",141
"DIME",42
"DIME",44
"NEAL",135
"DIME",41
"DIME",38
"DIME",41
"DIME",28
"DIME",39
"DIME",38
"DIME",36
"DIME",38
"DIME",40
"DIME",48
"DIME",40
"DIME",43
"DIME",46
"DIME",38
"DIME",51
"NEAL",149
"ONTO",19
"DIME",44
"CHBA",24
"DIME",40
"CHPE",16
"ONTO",17
"DIME",36
"ONTO",16
"PEER",23
"CHPE",16
"PEER",23
"ONTO",20
"DIME",40
"DIME",41
"NEAL",147
"DIME",32
"CHPE",15
"NEAL",229
"DIME",33
"DIME",42
"ONTO",22
"CHPE",14
"CHPE",14
"CHBA",25
"DIME",39
"CHPE",17
"CHBA",22
"NEAL",154
"DIME",38
"CHBA",29
"NEAL",214
"CHPE",16
"CHBA",30
"DIME",44
"DIME",46
"CHBA",30
"CHBA",14
"CHPE",29
"DIME",43
"DIME",35
"ONTO",20
"PEER",26
"CHPE",17
"CHPE",18
"DIME",39
"DIME",43
"CHPE",15
"DIME",38
"NEAL",227
"CHBA",36
"REFU",13
"DIME",38
"DIME",36
"CHPE",14
"CHBA",26
"DIME",35
"DIME",40
"CHBA",25
"CHPE",12
"REFU",15
"CHBA",30
"CHPE",17
"DIME",42
"DIME",41
"DIME",35
"DIME",38
"DIME",43
"DIME",41
"ONTO",23
"DIME",33
"DIME",42
"ONTO",21
"CHBA",28
"DIME",31
"ONTO",18
"DIME",39
"DIME",35
"ONTO",23
"DIME",35
"ONTO",26
"CHBA",29
"DIME",36
"CHPE",17
"CHPE",18
"DIME",49
"NEAL",165
"DIME",38
"DIME",45
"DIME",42
"CHBA",35
"ONTO",21
"DIME",31
"REFU",9
"CHBA",28
"CHPE",18
"CHBA",30
"CHPE",16
"DIME",41
"CHPE",15
"DIME",42
"CHPE",16
"CHBA",25
"CHBA",36
"REFU",10
"PEER",25
"DIME",39
"DIME",45
"DIME",41
"DIME",40
"CHPE",13
"REFU",13
"NEAL",214
"DIME",40
"CHBA",25
"CHBA",28
"DIME",43
"DIME",36
"CHBA",30
"CHPE",22
"CHBA",19
"CHPE",12
"CHPE",16
"CHBA",33
"DIME",50
"PEER",23
"CHPE",17
"DIME",37
"DIME",40
"DIME",45
"CHBA",33
"DIME",34
"CHBA",29
"CHPE",17
"CHPE",16
"CHPE",17
"DIME",37
"CHBA",25
"DIME",40
"CHPE",16
"NEAL",174
"DIME",44
"DIME",30
"CHPE",15
"CHPE",15
"DIME",41
"CHBA",36
"CHBA",19
"CHBA",25
"ONTO",23
"CHBA",29
"DIME",44
"REFU",12
"CHBA",27
"DIME",39
"ONTO",21
"CHBA",30
"DIME",39
"DIME",31
"CHBA",23
"CHPE",11
"CHBA",28
"DIME",43
"DISP",97
"DIME",35
"DIME",37
"DIME",44
"ONTO",20
"CHBA",35
"CHBA",25
"DIME",34
"DIME",37
"NEAL",168
"ONTO",20
"ONTO",20
"DIME",41
"DIME",39
"DIME",37
"DIME",40
"NEAL",214
"DIME",43
"DIME",39
"CHPE",13
"NEAL",197
"CHPE",17
"DIME",36
"DIME",37
"ONTO",32
"DIME",41
"CHPE",14
"DIME",38
"DIME",39
"DIME",42
"NEAL",152
"DIME",40
"DIME",49
"ONLE",33
"DIME",34
"DIME",40
"NEAL",141
"DISP",105
"CHBA",37
"DIME",40
"ONTO",24
"DIME",37
"DIME",41
"CHBA",30
"DIME",43
"DIME",48
"DIME",43
"DIME",5
"DIME",40
"DIME",40
"NEAL",135
"DIME",34
"CHBA",35
"DIME",45
"PEER",27
"DIME",45
"DIME",46
"DIME",36
"DIME",41
"NEAL",139
"DIME",35
"DIME",37
"NEAL",163
"DIME",42
"DIME",42
"DIME",35
"ONTO",27
"DIME",42
"CHBA",44
"DIME",46
"DIME",40
"DIME",39
"DIME",37
"DIME",43
"DIME",38
"DIME",42
"DIME",49
"DIME",39
"DISP",104
"ONTO",24
"DIME",36
"DIME",46
"DIME",43
"DIME",44
"DISP",110
"DIME",45
"DIME",36
"DIME",42
"DIME",37
"CHBA",27
"DIME",37
"DIME",42
"DIME",41
"NEAL",185
"DIME",41
"NEAL",153
"DIME",45
"ONTO",30
"PEER",43
"CHBA",40
"CHBA",41
"DIME",43
"CHBA",31
"DIME",46
"ONTO",30
"DIME",45
"DIME",39
"CHBA",42
"DIME",44
"CHPE",25
"CHBA",46
"CHBA",32
"CHBA",33
"PEER",34
"CHBA",33
"ONTO",30
"DIME",40
"DIME",48
"PEER",25
"PEER",29
"NEAL",142
"CHBA",26
"CHPE",16
"REFU",13
"DIME",40
"DIME",44
"CHBA",44
"DIME",53
"DIME",36
"DIME",43
"CHBA",38
"CHBA",35
"DIME",40
"NEAL",214
"CHBA",34
"CHBA",42
"DIME",36
"CHBA",26
"ONTO",27
"CHBA",30
"NEAL",182
"CHBA",27
"PEER",34
"ONTO",30
"DIME",48
"CHPE",14
"DIME",41
"DIME",45
"CHBA",34
"CHBA",24
"CHBA",25
"ONTO",20
"CHBA",34
"DIME",34
"CHBA",32
"CHBA",34
"CHPE",19
"DIME",40
"NEAL",62
"PEER",25
"PEER",32
"NEAL",16
"DIME",35
"DIME",41
"DIME",37
"ONTO",24
"PEER",21
"DIME",35
"PEFL",11
"CHBA",28
"CHBA",36
"CHPE",15
"PEER",19
"DIME",35
"DIME",45
"CHBA",22
"DIME",42
"CHBA",41
"DIME",38
"DIME",43
"DIME",34
"CHBA",23
"DIME",41
"DIME",35
"CHPE",15
"DIME",36
"DIME",37
"NEAL",150
"DIME",42
"CHPE",17
"DIME",39
"CHPE",20
"DIME",44
"CHPE",23
"CHPE",18
"DIME",40
"CHPE",20
"CHPE",24
"NEAL",204
"CHPE",23
"CHPE",17
"NEAL",221
"CHBA",28
"CHPE",17
"CHPE",21
"DIME",39
"CHPE",20
"CHPE",20
"NEAL",268
"NEAL",137
"PEFL",15
"DIME",39
"DIME",43
"CHPE",19
"CHPE",17
"DIME",37
"CHPE",18
"NEAL",168
"CHPE",16
"DIME",41
"NEAL",221
"NEAL",163
"CHPE",20
"NEAL",114
"DIME",43
"SIAR",103
"CHPE",20
"CHPE",18
"CHBA",25
"CHBA",28
"CHPE",20
"CHPE",16
"NEAL",182
"DIME",50
"DIME",43
"CHBA",35
"DIME",38
"CHBA",38
"PEFL",14
"NEAL",133
"CHPE",22
"DIME",37
"DIME",48
"CHPE",22
"DIME",48
"DIME",52
"DIME",47
"PEER",31
"DIME",48
"DIME",46
"DIME",54
"DIME",48
"DIME",44
"DIME",44
"DIME",43
"CHPE",19
"NEAL",90
"NEAL",241
"DIME",42
"PEFL",15
"NEAL",127
"ONTO",21
"DIME",41
"CHPE",17
"NEAL",213
"SIAR",130
"DIME",43
"DIME",46
"DIME",39
"NEAL",109
"CHBA",28
"CHPE",17
"CHPE",22
"CHPE",25
"DIME",47
"DIME",48
"DIME",43
"DIME",51
"DIME",44
"DIME",50
"DIME",39
"CHBA",36
"CHPE",18
"DIME",46
"DIME",48
"DIME",44
"ONTO",24
"DIME",43
"CHBA",35
"DIME",46
"CHBA",25
"DIME",44
"DIME",37
"DISP",109
"CHBA",35
"CHBA",33
"DIME",42
"DIME",44
"CHPE",20
"ONTO",26
"DIME",43
"PEER",37
"CHBA",34
"DIME",47
"CHBA",25
"CHBA",35
"DIME",40
"CHBA",28
"DISP",103
"PEER",31
"CHBA",35
"DIME",46
"CHBA",27
"DIME",45
"DIME",42
"DIME",45
"ONTO",24
"DIME",35
"DIME",39
"DIME",42
"DIME",46
"DIME",40
"DIME",43
"CHPE",19
"DIME",14
"DIME",52
"DIME",45
"DIME",40
"CHBA",24
"CHPE",16
"DIME",43
"DIME",43
"DIME",48
"CHPE",18
"DIME",39
"CHBA",31
"DISP",99
"DIME",35
"CHBA",34
"PEER",35
"DIME",41
"DIME",43
"DIME",42
"DIME",45
"DIME",40
"CHBA",34
"CHBA",33
"DIME",42
"CHPE",18
"PEER",23
"NEAL",142
"CHPE",21
"CHPE",17
"DIME",39
"NEAL",111
"CHPE",23
"CHPE",7
"CHPE",22
"CHPE",18
"CHPE",15
"CHPE",16
"DIME",44
"DIME",46
"NEAL",190
"CHPE",21
"CHPE",17
"DIME",41
"CHPE",16
"CHPE",16
"ONTO",20
"NEAL",162
"CHPE",22
"CHPE",17
"NEAL",171
"DIME",48
"CHPE",18
"DIME",39
"NEAL",118
"CHPE",9
"CHPE",17
"DIME",44
"NEAL",125
"DIME",50
"CHPE",19
"CHPE",8
"NEAL",237
"NEAL",173
"DIME",38
"CHPE",17
"PEFL",14
"NEAL",234
"DIME",42
"NEAL",84
"DIME",44
"NEAL",178
"CHPE",17
"CHPE",19
"CHPE",18
"CHPE",9
"CHPE",18
"CHBA",20
"ONTO",21
"DIME",46
"CHPE",17
"NEAL",142
"CHPE",19
"DIME",45
"DIME",43
"NEAL",147
"CHPE",23
"CHPE",20
"DIME",37
"CHBA",18
"NEAL",146
"CHPE",19
"SIAR",100
"DIME",44
"CHPE",12
"DIME",39
"PEFL",12
"NEAL",91
"DIME",51
"CHBA",36
"CHBA",40
"DIME",49
"CHBA",26
"CHBA",32
"DIME",44
"NEAL",222
"CHPE",19
"CHPE",21
"DIME",46
"DIME",40
"CHPE",19
"DIME",44
"SIAR",96
"DIME",38
"CHPE",17
"NEAL",148
"CHPE",11
"CHPE",9
"PEFL",13
"CHPE",9
"DIME",46
"CHPE",17
"NEAL",98
"NEAL",174
"NEAL",90
"CHPE",22
"CHPE",8
"CHPE",21
"CHPE",13
"CHPE",19
"DIME",44
"CHBA",29
"DIME",46
"DIME",44
"DIME",42
"DIME",43
"ONTO",18
"DIME",49
"DIME",46
"DIME",44
"DIME",51
"DIME",55
"DIME",44
"DIME",43
"DIME",48
"DIME",45
"CHPE",18
"DIME",49
"DIME",48
"CHPE",20
"DIME",50
"DIME",52
"CHPE",19
"DIME",44
"CHBA",27
"DIME",42
"CHBA",36
"DIME",43
"DISP",101
"DIME",45
"NEAL",228
"DIME",41
"CHBA",33
"ONTO",22
"CHPE",15
"NEAL",178
"DIME",41
"CHPE",21
"CHPE",17
"DIME",45
"PEER",32
"PEER",21
"PEER",32
"ONTO",24
"DIME",43
"DIME",47
"CHPE",20
"DIME",56
"CHPE",15
"CHPE",16
"DIME",42
"DISP",101
"DIME",42
"CHPE",19
"CHBA",35
"CHPE",14
"CHPE",18
"CHPE",20
"CHBA",26
"CHBA",26
"ONTO",25
"CHBA",36
"DIME",43
"DIME",44
"DIME",45
"DIME",44
"DIME",39
"CHBA",31
"DIME",41
"DIME",44
"CHBA",36
"CHBA",35
"DIME",43
"PEER",27
"CHBA",30
"CHPE",20
"DIME",43
"CHBA",26
"CHBA",16
"PEER",43
"DIME",42
"ONTO",24
"CHPE",16
"CHPE",19
"CHBA",37
"CHPE",20
"CHPE",8
"CHPE",15
"DIME",42
"DISP",88
"DIME",44
"DIME",40
"DIME",50
"NEAL",99
"DIME",40
"DIME",40
"CHBA",17
"DIME",39
"CHPE",10
"CHPE",16
"NEAL",173
"CHPE",16
"NEAL",178
"CHPE",21
"CHPE",20
"CHPE",23
"CHPE",19
"CHPE",10
"NEAL",133
"NEAL",164
"DIME",47
"NEAL",110
"NEAL",204
"CHPE",21
"CHPE",15
"DIME",40
"NEAL",134
"CHPE",15
"NEAL",133
"CHBA",19
"NEAL",150
"CHPE",19
"CHPE",11
"PEFL",10
"CHPE",16
"CHPE",15
"NEAL",242
"CHPE",19
"CHBA",17
"CHPE",21
"NEAL",200
"NEAL",224
"CHPE",12
"CHPE",13
"CHPE",16
"NEAL",196
"CHPE",13
"CHPE",16
"PEFL",14
"CHPE",17
"NEAL",149
"CHBA",25
"CHPE",18
"CHPE",19
"CHPE",16
"CHPE",13
"NEAL",132
"NEAL",196
"CHPE",15
"PEFL",14
"CHPE",20
"NEAL",176
"NEAL",198
"DIME",40
"CHPE",16
"NEAL",150
"CHPE",16
"CHPE",18
"NEAL",111
"PEFL",12
"DIME",49
"DIME",45
"CHBA",2
"CHBA",28
"NEAL",239
"CHBA",22
"CHBA",38
"CHBA",38
"DIME",49
"CHBA",41
"NEAL",192
"DIME",43
"CHPE",9
"CHPE",14
"CHPE",9
"CHPE",18
"CHPE",16
"NEAL",156
"CHPE",17
"CHPE",16
"CHPE",19
"DIME",41
"DIME",43
"ONTO",25
"CHBA",28
"CHPE",11
"CHBA",34
"CHPE",16
"DIME",39
"DIME",46
"CHBA",19
"DIME",42
"NEAL",109
"CHPE",16
"DIME",44
"DISP",105
"DIME",48
"CHPE",13
"ONTO",24
"CHBA",30
"CHPE",19
"DIME",36
"CHBA",36
"DIME",43
"CHPE",21
"DIME",29
"NEAL",184
"DIME",55
"CHBA",25
"NEAL",128
"ONTO",26
"DIME",48
"CHBA",15
"CHPE",11
"CHPE",15
"DIME",39
"DISP",102
"DIME",39
"CHPE",14
"CHPE",18
"DIME",43
"CHPE",18
"DIME",42
"CHBA",33
"CHBA",26
"DIME",47
"DIME",27
"CHBA",19
"DIME",43
"DIME",40
"CHBA",34
"CHBA",20
"CHBA",26
"DIME",36
"ONTO",26
"DIME",41
"ONTO",26
"NEAL",125
"DIME",41
"DIME",7
"CHPE",20
"PEER",34
"CHPE",19
"CHBA",19
"DIME",39
"DIME",39
"ONTO",27
"PEFL",15
"NEAL",147
"CHPE",19
"CHPE",16
"DIME",43
"CHPE",19
"NEAL",148
"CHPE",19
"NEAL",199
"CHBA",29
"DIME",9
"NEAL",124
"CHPE",18
"CHBA",17
"ONTO",32
"NEAL",204
"PEFL",9
"DIME",43
"CHPE",16
"CHPE",17
"NEAL",196
"CHBA",18
"DIME",48
"DIME",38
"NEAL",121
"CHBA",25
"CHBA",25
"CHPE",14
"PEFL",12
"NEAL",118
"NEAL",137
"CHPE",11
"CHBA",20
"CHPE",15
"CHBA",35
"CHPE",15
"CHPE",19
"CHPE",15
"DIME",48
"CHBA",24
"CHBA",21
"DIME",42
"DIME",39
"ONTO",23
"CHPE",14
"CHPE",22
"DISP",97
"DIME",37
"DIME",44
"DIME",42
"DIME",48
"CHPE",16
"DIME",44
"DIME",48
"DIME",48
"DIME",48
"DIME",51
"DIME",32
"CHPE",23
"DIME",44
"DIME",40
"CHPE",18
"CHPE",14
"DIME",40
"PEFL",11
"CHPE",14
"NEAL",204
"NEAL",193
"NEAL",233
"CHBA",28
"NEAL",237
"NEAL",217
"NEAL",135
"NEAL",183
"DIME",40
"CHPE",17
"CHPE",15
"CHPE",16
"CHPE",16
"NEAL",151
"CHPE",17
"NEAL",172
"CHPE",21
"CHPE",13
"CHPE",14
"NEAL",218
"CHPE",15
"NEAL",272
"CHPE",21
"NEAL",183
"PEFL",11
"CHPE",16
"NEAL",188
"NEAL",133
"CHBA",24
"NEAL",223
"CHPE",15
"NEAL",188
"CHBA",25
"CHBA",25
"CHBA",26
"DIME",42
"CHPE",16
"CHPE",17
"NEAL",206
"NEAL",198
"NEAL",183
"ONTO",23
"DIME",48
"PEFL",11
"NEAL",141
"NEAL",188
"DIME",43
"DIME",66
"CHPE",17
"CHPE",18
"CHBA",26
"DIME",52
"DIME",48
"DIME",47
"DIME",48
"NEAL",175
"CHPE",16
"ONTO",24
"NEAL",202
"CHBA",30
"DIME",43
"ONTO",21
"CHBA",31
"CHPE",14
"CHBA",28
"CHPE",10
"ONTO",29
"CHPE",14
"ONTO",25
"CHBA",29
"CHPE",11
"CHBA",28
"CHBA",20
"CHBA",30
"ONTO",29
"CHBA",16
"CHBA",27
"DIME",46
"CHPE",18
"CHPE",18
"DIME",42
"PEER",19
"CHPE",11
"PEER",25
"CHBA",27
"CHBA",32
"CHBA",29
"ONTO",24
"DIME",46
"DIME",41
"DIME",46
"NEAL",196
"NEAL",201
"CHPE",18
"NEAL",177
"CHPE",19
"DIME",40
"CHPE",19
"DIME",48
"ONTO",33
"CHBA",30
"CHPE",17
"CHPE",16
"CHPE",17
"CHPE",14
"NEAL",232
"DIME",43
"DISP",113
"CHPE",16
"CHPE",20
"CHPE",16
"CHPE",14
"CHPE",19
"DIME",50
"NEAL",207
"DIME",46
"NEAL",136
"DIME",50
"CHPE",16
"CHPE",18
"DIME",41
"ONTO",21
"ONTO",24
"CHBA",28
"CHBA",30
"CHPE",17
"NEAL",171
"CHBA",35
"CHBA",37
"CHBA",36
"NEAL",136
"DIME",43
"CHPE",17
"NEAL",168
"CHPE",14
"CHPE",15
"NEAL",194
"DIME",46
"ONTO",23
"ONTO",30
"CHPE",19
"CHBA",29
"DIME",44
"CHPE",21
"CHBA",32
"ONTO",28
"DIME",40
"DIME",46
"CHBA",32
"ONTO",24
"CHPE",18
"DIME",45
"CHBA",18
"DIME",40
"NEAL",142
"DIME",41
"CHPE",19
"CHPE",12
"CHPE",16
"REFU",40
"CHPE",17
"CHBA",29
"CHPE",18
"CHPE",17
"DIME",39
"ONTO",26
"CHPE",19
"CHPE",12
"DIME",55
"PEER",20
"DIME",45
"ONTO",27
"DIME",44
"ONTO",20
"DIME",37
"CHBA",28
"CHBA",30
"DIME",44
"DIME",39
"NEAL",233
"NEAL",137
"CHPE",16
"NEAL",167
"CHPE",16
"CHBA",32
"CHBA",29
"CHBA",20
"CHBA",25
"CHPE",19
"CHPE",14
"NEAL",140
"NEAL",197
"CHPE",20
"NEAL",131
"NEAL",124
"DIME",43
"CHPE",17
"CHBA",32
"NEAL",223
"CHPE",15
"DIME",47
"CHBA",17
"DIME",8
"PEER",22
"CHPE",16
"DIME",42
"CHPE",17
"NEAL",208
"DIME",38
"NEAL",183
"CHPE",15
"NEAL",205
"CHBA",31
"CHBA",25
"NEAL",181
"DIME",45
"CHPE",15
"DIME",48
"CHPE",15
"NEAL",215
"CHPE",16
"CHPE",17
"CHPE",20
"CHPE",15
"NEAL",198
"NEAL",177
"NEAL",146
"CHPE",17
"CHPE",14
"NEAL",238
"CHBA",27
"CHBA",37
"CHPE",17
"PEER",40
"CHBA",21
"CHBA",22
"PEER",18
"CHPE",17
"ONTO",21
"ONTO",17
"CHBA",30
"CHPE",17
"CHBA",27
"DIME",42
"DIME",54
"DIME",55
"DIME",45
"DIME",46
"DIME",47
"DIME",47
"DIME",50
"ONTO",22
"CHBA",26
"ONTO",20
"DIME",46
"DIME",51
"DIME",43
"ONTO",24
"DIME",40
"CHBA",33
"DIME",29
"CHPE",19
